"","cluster_size","start","end","number","p_value"
"234",1,234,234,6,1.50410504425318e-07
"91",435,91,525,93,5.78521729717533e-06
"97",429,97,525,92,7.81133626820481e-06
"166",2,166,167,6,8.44379461830575e-06
"103",423,103,525,91,1.0238630391252e-05
"79",447,79,525,94,1.04265189401329e-05
"91",426,91,516,91,1.59202561544726e-05
"107",419,107,525,90,1.7487474442374e-05
"91",285,91,375,70,1.88303248795966e-05
"97",279,97,375,69,1.90054983224565e-05
"103",273,103,375,68,1.90449515691545e-05
